-- -------------------------------------------------------------------------------------
--                              Inserir clientes                                      --
-- -------------------------------------------------------------------------------------

INSERT INTO customer_entity VALUES
('f9ed81db-f90a-42d4-b7e4-d554d8f338fd', 'Raimunda Regina Porto', '1974-03-05', 'raimundareginaporto@clinicasilhouette.com.br', '08493447718', 'Rua Astrogildo de Almeida, 328', '(73) 99362-1339', '2021-07-21T12:05:17.147971', '2023-10-21T12:05:17.147971'),
('ff68e22e-633f-4fe3-b482-590c7163b7e1', 'Gustavo Rafael Elias da Mata', '1960-10-03', 'gustavo-damata84@vipsaude.com.br', '02911058331', 'Jardim Novo Niterói, 378', '(65) 98238-1865', '2023-12-21T14:01:19.437572', '2023-10-21T12:05:17.147971'),
('0723e7a1-ec12-4cdb-b4d5-6169dba540c6', 'Heloisa Aurora Jessica dos Santos', '1988-08-12', 'heloisaauroradossantos@sha.com.br', '18895846006', 'Rua Astrogildo de Almeida, 328', '(47) 98101-9804', '2019-11-09T21:21:39.537270', '2022-11-29T23:31:19.537270'),
('9960a044-0f78-4489-8e98-211cb294eee3', 'Julio Marcelo Nelson Melo', '1974-03-05', 'julio.marcelo.melo@attglobal.net', '90897130198', 'Praça Vereador Osvaldo Mendonça, 752', '(79) 99539-6592', '2020-09-11T23:12:21.156273', '2022-11-11T21:36:11.156273'),
('98cf1d75-69c4-4e22-aec4-622c1251d7ed', 'Hugo Benjamin Barbosa', '1980-11-02', 'hugo.benjamin.barbosa@cathedranet.com.br', '74091777742', 'Travessa Jasmim, 101', '(68) 99602-7578', '2023-07-11T09:05:17.157661', '2023-11-14T09:10:33.157661'),
('b7bf613b-6619-4a72-abb6-5dc6734b9ae3', 'Marta Ferreira Castro', '1995-06-22', 'martafc@gmail.com', '00230558184', 'Rua das Flores, 45', '(11) 98765-4321', '2022-07-09T13:01:19.138071', '2023-10-19T15:35:26.138071'),
('5c6d5948-2c06-487c-bd3e-9ae23ded960b', 'Pedro Henrique Silva', '1989-03-15', 'pedro.henrique.silva@outlook.com', '03482045429', 'Avenida Brasil, 2345', '(21) 99876-5432', '2023-11-12T17:01:33.268101', '2024-03-11T16:01:12.268101'),
('3b77df60-67df-4071-ac29-abbd451da1c5', 'Luana Oliveira Costa', '1991-12-05', 'luanaoliveiracosta@gmail.com', '03780614280', 'Rua São Paulo, 123', '(31) 98765-4321', '2016-01-01T11:11:29.615971', '2018-01-12T15:33:24.615971'),
('e5a448e3-feaf-4535-9ac0-92b1471de468', 'Fernando Henrique Ribeiro', '1985-05-11', 'fernando.hr@gmail.com', '01234567890', 'Rua das Palmeiras, 67', '(41) 99876-5432', '2024-03-04T21:21:39.256777', '2024-03-06T11:23:11.256777'),
('a242decb-e589-4ecb-be7d-b7ff6f20ade5', 'Marcela Souza Santos', '1992-09-29', 'marcela.ss@gmail.com', '12345678901', 'Avenida Paulista, 1000', '(11) 98765-4321', '2018-03-12T12:11:11.237971', '2022-11-23T17:33:57.237971'),
('dc9e7b39-f81c-4519-b1d4-9fa8434baf7a', 'Ana Clara Souza', '1998-01-15', 'anaclara.souza@healthnet.com', '67123456789', 'Rua São Carlos, 45', '(32) 98723-4501', '2024-01-10T10:15:00.000000', '2024-03-10T10:15:00.000000'),
('b8a1d6b2-2d91-4b0f-b283-8e09e84e2369', 'Leonardo Silva Santos', '1983-11-25', 'leonardo.santos@techworld.com', '98321098765', 'Rua Barão do Rio Branco, 501', '(27) 99888-3321', '2022-08-15T09:00:00.000000', '2023-02-20T11:20:00.000000'),
('34208d90-6206-487b-9857-5d732c5d587c', 'Bianca Ferreira Gomes', '1997-05-07', 'bianca.gomes@webhost.com', '48211054321', 'Rua Sete de Setembro, 78', '(85) 98700-1234', '2023-05-15T14:22:33.000000', '2024-03-10T14:22:33.000000'),
('831ed06a-b4f1-4fc1-96d4-3b1238dc68f9', 'Diego Martins Costa', '1985-08-19', 'diego.mcosta@netmail.com', '75432109876', 'Avenida Santa Luzia, 12', '(11) 99678-5643', '2020-03-12T16:45:12.000000', '2021-10-25T17:45:12.000000'),
('2d1c7e14-b3aa-4b90-aea7-b11801711c22', 'Fernanda Oliveira Lima', '1994-09-09', 'fernanda.lima@marketplace.com', '35723410987', 'Rua do Comércio, 404', '(48) 99923-1122', '2019-12-25T13:40:45.000000', '2020-05-13T13:40:45.000000'),
('0f16e18c-e526-4506-9f9a-48a937c93712', 'Carlos Eduardo Andrade', '1977-06-30', 'carlos.andrade@corporate.com', '80543219876', 'Avenida Brasil, 1000', '(44) 99123-4520', '2018-10-05T11:00:55.000000', '2020-01-12T11:00:55.000000'),
('5e3d0801-ea5e-4b21-bb35-5de3e9dcd772', 'Juliana Souza Menezes', '1990-02-27', 'juliana.menezes@cloudmail.com', '65981230456', 'Rua das Acácias, 888', '(13) 99234-6789', '2023-01-17T09:30:25.000000', '2023-04-15T12:25:30.000000'),
('afc56734-7328-4377-b7b1-88fc5f2f734e', 'Thiago Gomes Silva', '1988-04-03', 'thiago.silva@workplace.com', '90654823791', 'Rua das Palmeiras, 789', '(63) 98111-2233', '2022-07-25T15:23:45.000000', '2022-12-30T18:23:45.000000'),
('a97e5f74-5272-4d7f-9f60-5c36550fd79c', 'Aline Castro Souza', '1986-07-12', 'aline.castro@familymail.com', '72012340987', 'Rua Sete de Abril, 12', '(73) 99988-7766', '2021-05-19T12:45:33.000000', '2023-03-15T15:45:33.000000'),
('22e1bbac-e3ad-492f-b1cf-3db6c2e0aef8', 'Marcos Vinicius Dias', '1975-01-01', 'marcos.dias@techmail.com', '63912930476', 'Avenida Santos Dumont, 333', '(88) 98200-5432', '2020-10-11T17:25:50.000000', '2023-07-12T18:50:45.000000'),
('7b77ac21-ff6d-4b22-a5c9-5760e2956d67', 'Larissa Rocha Silva', '1993-03-15', 'larissa.rocha@weblab.com', '85679213456', 'Rua das Magnólias, 567', '(22) 98777-9988', '2022-06-18T16:12:34.000000', '2024-01-13T12:45:27.000000'),
('0bfb546c-9a5e-4027-814b-26a57b25799d', 'Rafael Oliveira', '1972-08-30', 'rafael.oliveira@startup.com', '48576123014', 'Rua Paraíso, 41', '(27) 98333-4445', '2020-12-02T20:15:50.000000', '2021-03-01T22:17:33.000000'),
('dd04e41f-7954-462e-97c6-13a46e68a5e9', 'Mariana Santos Costa', '1990-11-22', 'mariana.costa@ecoworld.com', '56341987654', 'Rua Nova Esperança, 23', '(11) 99882-7761', '2024-02-10T10:12:23.000000', '2024-02-28T17:20:11.000000'),
('c5a2f0e1-48f0-4010-b2f6-8bdc405f9f09', 'Eduardo Pereira', '1982-09-09', 'eduardo.pereira@bizmail.com', '32769483214', 'Avenida do Comércio, 150', '(35) 99844-2299', '2021-07-07T17:45:20.000000', '2022-01-02T19:11:30.000000'),
('5ae46f79-9c8e-4fa2-b3eb-45bf1739d230', 'Claudia Fernandes', '1987-12-19', 'claudia.fernandes@prodigy.com', '20849175321', 'Rua dos Andradas, 800', '(17) 99233-1100', '2021-01-11T13:05:19.000000', '2021-12-01T18:33:12.000000');

-- -------------------------------------------------------------------------------------
--                              Inserir marca                                         --
-- -------------------------------------------------------------------------------------

INSERT INTO brand_entity VALUES
('51208e86-1f63-4e18-ae59-941fd5e342cf', 'BMW','2021-07-21T12:05:17.147971', '2023-10-21T12:05:17.147971'),
('c2f73e68-d820-46e5-bc37-14ed6d2e8759', 'Chevrolet', '2023-12-21T14:01:19.437572', '2023-10-21T12:05:17.147971'),
('2b7607ef-c314-4e75-992f-41fbd1a30a27', 'Yamaha',  '2019-11-09T21:21:39.537270', '2022-11-29T23:31:19.537270'),
('b306bf4e-ab6d-4c85-8838-dafcc78e1802', 'Renault',  '2020-09-11T23:12:21.156273', '2022-11-11T21:36:11.156273'),
('ab42bf2a-0739-4bc5-b901-4890af4a3ec9', 'Nissan', '2023-07-11T09:05:17.157661', '2023-11-14T09:10:33.157661'),
('9483ddf3-3bc2-4ac4-abba-4aa5b59625fb', 'Toyota', '2022-07-09T13:01:19.138071', '2023-10-19T15:35:26.138071'),
('6cf235ae-0759-4ac8-925a-476de5a4f5d0', 'Ford', '2023-11-12T17:01:33.268101', '2024-03-11T16:01:12.268101'),
('651d807b-b34f-4818-856d-00bb3ff09d71', 'Volkswagen', '2016-01-01T11:11:29.615971', '2018-01-12T15:33:24.615971'),
('4f2dd5bb-ae60-41ca-9227-0fb3dacebcbe', 'Ferrari', '2024-03-04T21:21:39.256777', '2024-03-06T11:23:11.256777'),
('3f831dbb-de3b-4b1a-95dc-602cdeaa7012', 'Honda',  '2018-03-12T12:11:11.237971', '2022-11-23T17:33:57.237971');

-- -------------------------------------------------------------------------------------
--                              Inserir categoria                                     --
-- -------------------------------------------------------------------------------------

INSERT INTO category_entity VALUES
('1deb1e69-6b1a-4d88-9a1b-a9889398b54a', 'SUVs', 'Veiculos utilitarios esportivos', '2023-10-21T12:05:17.147971'),
('89658392-1ce5-4523-8b08-b7dd9322d57a', 'Carros Eletricos', 'Veiculos movidos a energia eletrica', '2023-10-21T12:05:17.147971'),
('1af3289c-f302-4a95-95f6-c9d05c0aa50b', 'Hatch', 'Categoria de carros com carroceria hatchback', '2022-11-29T23:31:19.537270'),
('2e46c0aa-011f-4fc2-81e8-5365de43fff7', 'Picape', 'Categoria de carros com carroceria pickup', '2022-11-11T21:36:11.156273'),
('9755db80-c218-4671-b147-22795510c74e', 'Esportivo', 'Categoria de carros esportivos com alta performance', '2023-11-14T09:10:33.157661'),
('345f40dd-f528-4f6a-83c4-2d47b304f557', 'Caminhoes', 'veiculos de grande porte para transporte de cargas', '2023-10-19T15:35:26.138071'),
('62a6ddee-9308-4bbc-a819-5064597383a3', 'Carros de Luxo', 'Carros de alta qualidade e com grande valor agregado', '2024-03-11T16:01:12.268101'),
('3b0872df-d47a-48f4-964e-b6a099964ee7', 'Minivans', 'Veiculos familiares com grande espaço interno', '2018-01-12T15:33:24.615971'),
('146c8a0a-828c-4d4c-bbc3-fdc70bcf38f9', 'Coupe', 'Categoria de carros com carroceria coupe', '2024-03-06T11:23:11.256777'),
('dc915ab8-aa4f-4dbd-bd09-94f8c12ff52d', 'Carros Antigos', 'Veiculos com mais de 30 anos de fabricacao', '2022-11-23T17:33:57.237971'),
('d7c2eae4-87a5-4b79-8d77-3e6ffb97eb66', 'Conversivel', 'Carros com teto removivel', '2024-02-21T10:15:09.124569'),
('93b3b41c-3c64-4738-9b7c-c4f680d519b0', 'Off-road', 'Veiculos projetados para trilhas e terrenos irregulares', '2023-09-14T13:44:12.887123'),
('e43111e7-7c1e-4519-b023-e53f64396f1b', 'Sedan', 'Carros de quatro portas com porta-malas separado', '2023-08-05T16:20:45.347812'),
('7ad89f8c-27b7-48c5-896b-55f1f0d6933e', 'Conversivel Luxo', 'Veiculos conversiveis com acabamento de luxo', '2023-07-11T12:01:56.765441'),
('ec354ccd-0e04-46c8-927e-7dc7e98b50c8', 'Carros Hibridos', 'Carros que utilizam combustivel e energia eletrica', '2024-01-30T14:33:58.332876'),
('f6a94e19-71df-487d-9867-b65b8e68447b', 'Vans', 'Veiculos para transporte de passageiros ou carga leve', '2024-02-11T09:45:27.553229'),
('01d1a22f-e6e4-42b3-9e4c-e4be5b537ab2', 'Roadster', 'Carros esportivos de dois lugares', '2023-05-30T22:17:39.965014'),
('b2c943b2-022f-49fd-8f17-b9e918f0d9db', 'Station Wagon', 'Carros com maior espaco no compartimento traseiro', '2024-03-15T11:12:05.246780'),
('72cfa4f3-f67b-487e-9c7e-6f82b8b12e8a', 'Microcar', 'Carros compactos para uso urbano', '2023-11-10T18:25:30.117564'),
('54a7b1f1-bd18-4e63-8df5-93e90a9b4a10', 'Campervan', 'Veiculos adaptados para camping e viagens', '2023-12-01T07:19:47.467328');

-- -------------------------------------------------------------------------------------
--                              Inserir especificação                                 --
-- -------------------------------------------------------------------------------------

INSERT INTO specification_entity VALUES
('7eef4f65-96a1-4463-8a7f-3a5df541f310','Motor', 'Especificacao tecnica que define o tipo e a potencia do motor do veiculo.', '2021-07-21T12:05:17.147971'),
('194b82cc-22a3-4058-a9fa-249ad5340268', 'Cambio', 'Especificacao tecnica que define o tipo de transmissao do veiculo.', '2023-12-21T14:01:19.437572'),
('3a16cf2b-30d1-4f88-a366-1038746441d4', 'Direcao', 'Especificacao tecnica que define o tipo de direcao do veiculo.', '2019-11-09T21:21:39.537270'),
('de88412a-d516-47fd-a723-1ec5a13d8b44', 'Freios', 'Especificacao tecnica que define o tipo de sistema de freios do veiculo.', '2020-09-11T23:12:21.156273'),
('d20d196b-c329-4a32-a76b-cf5802affcfc', 'Suspensao', 'Especificacao tecnica que define o tipo de suspensao do veiculo.', '2023-07-11T09:05:17.157661'),
('bcae4e4e-0e7a-41a2-bc24-560077557c0b', 'Capacidade do tanque', 'Especificacao tecnica que define a capacidade do tanque de combustivel do veiculo.', '2022-07-09T13:01:19.138071'),
('8f4647ee-2ef1-4500-8a28-a0d642665c81', 'Peso', 'Especificacao tecnica que define o peso do veiculo.', '2024-08-11T16:01:33.268101'),
('7c01a5f0-41b3-4a15-adc5-b0b380bb90e2', 'Comprimento', 'Especificacao tecnica que define o comprimento do veiculo.', '2016-01-01T11:11:29.615971'),
('ddc7f420-47b1-4f7e-bc35-07765cbd811d', 'Altura', 'Especificacao tecnica que define a altura do veiculo.', '2024-03-04T21:21:39.256777'),
('6b83e4cd-ead6-4af0-8e1e-4c332a842717', 'Largura', 'Especificacao tecnica que define a largura do veiculo.', '2018-03-12T12:11:11.237971'),
('be96f0ac-8397-4ae5-a4fc-526b2d5a2e79', 'Aceleracao', 'Especificacao tecnica que define o tempo de aceleracao de 0 a 100 km/h.', '2023-05-25T10:15:09.124569'),
('b57d19b5-b6c8-4f7b-9b24-57d50b3f109e', 'Torque', 'Especificacao tecnica que define o torque maximo do veiculo.', '2024-01-14T13:44:12.887123'),
('f0a2dba9-4892-49b0-935f-87dfdc2a7a6b', 'Consumo de Combustivel', 'Especificacao tecnica que define o consumo medio de combustivel.', '2022-11-05T16:20:45.347812'),
('865adccb-74ed-438a-b5c5-cab2b17a4700', 'Emissao de CO2', 'Especificacao tecnica que define o nivel de emissao de CO2 do veiculo.', '2023-02-18T12:01:56.765441'),
('55c8e610-bab5-459e-8c68-4e8a42b6ccbd', 'Capacidade de Carga', 'Especificacao tecnica que define a capacidade maxima de carga do veiculo.', '2024-04-10T14:33:58.332876'),
('f4e9b17c-3b16-4749-9095-58b3b046d0d8', 'Potencia de Som', 'Especificacao tecnica que define a potencia do sistema de som.', '2021-12-30T09:45:27.553229'),
('e0a96b83-0215-4b2c-a05a-7455e3eab8b4', 'Autonomia', 'Especificacao tecnica que define a autonomia do veiculo eletrico.', '2023-03-22T22:17:39.965014'),
('f5a04684-c8ae-4c14-b3c8-f33752b8b9e4', 'Sistema de Iluminacao', 'Especificacao tecnica que define o tipo de iluminacao do veiculo.', '2023-10-17T11:12:05.246780'),
('b94af823-58e0-4f39-8d71-b963fdb1443e', 'Aerodinamica', 'Especificacao tecnica que define a eficiencia aerodinamica do veiculo.', '2023-06-15T18:25:30.117564'),
('3bbd51c5-2302-4192-bb3f-9c92d6b75987', 'Nivel de Ruido', 'Especificacao tecnica que define o nivel de ruido interno do veiculo.', '2024-02-19T07:19:47.467328');

-- -------------------------------------------------------------------------------------
--                              Inserir carro                                         --
-- -------------------------------------------------------------------------------------

INSERT INTO car_entity VALUES
('55491147-1d2f-455e-9958-1e35f1df5a82', 'Serie 3', 'Sedan medio da BMW', 98.77, false, 'XPT-1146', '51208e86-1f63-4e18-ae59-941fd5e342cf', '1deb1e69-6b1a-4d88-9a1b-a9889398b54a', 'Preto', '2023-10-21T12:05:17.147971'),
('01f90d99-85e3-42c0-b55d-1fb6a76de15a', 'Onix', 'Carro popular da Chevrolet', 110.18, false, 'ABC-1456', 'c2f73e68-d820-46e5-bc37-14ed6d2e8759', '89658392-1ce5-4523-8b08-b7dd9322d57a', 'Amarelo', '2024-03-11T16:15:37.147971'),
('d7a97cc7-6fb5-4f79-bca0-fc4efb8f13f1', 'Golf', 'Hatchback da Volkswagen', 90.00, true, 'JKL-1122', '651d807b-b34f-4818-856d-00bb3ff09d71', 'd7c2eae4-87a5-4b79-8d77-3e6ffb97eb66', 'Cinza', '2023-02-18T14:22:19.537270'),
('2ac1b6e5-f203-4b59-a9bc-12db47c27bf5', 'Camaro', 'Esportivo da Chevrolet', 250.00, true, 'ABC-3344', 'c2f73e68-d820-46e5-bc37-14ed6d2e8759', '93b3b41c-3c64-4738-9b7c-c4f680d519b0', 'Amarelo', '2023-08-09T16:12:41.915271'),
('6cebea9d-5fd0-4ba7-80f8-3903187d3b4e', 'MT-09', 'Moto naked da Yamaha', 69.33, false, 'XYZ-4944', '2b7607ef-c314-4e75-992f-41fbd1a30a27', '1af3289c-f302-4a95-95f6-c9d05c0aa50b', 'Verde', '2022-11-29T23:31:19.537270'),
('901a5875-d0ef-4098-a336-d19f1088538c', 'Kwid', 'Carro compacto da Renault', 88.99, false, 'KLC-0056', 'b306bf4e-ab6d-4c85-8838-dafcc78e1802', '2e46c0aa-011f-4fc2-81e8-5365de43fff7', 'Azul', '2022-11-11T21:36:11.156273'),
('82bd1d96-85ac-4559-9ce6-378ef489d078', 'March', 'Carro compacto da Nissan', 148.99, false, 'OPL-456', 'ab42bf2a-0739-4bc5-b901-4890af4a3ec9', '9755db80-c218-4671-b147-22795510c74e', 'Abobora', '2023-11-14T09:10:33.157661'),
('ce99c8a7-2f2e-4b7b-b10e-c36a0038a9a4', 'Hilux', 'Caminhonete da Toyota', 180.75, true, 'MNO-5566', '9483ddf3-3bc2-4ac4-abba-4aa5b59625fb', 'e43111e7-7c1e-4519-b023-e53f64396f1b', 'Prata', '2022-05-05T11:00:00.345678'),
('128ec8bc-8b4f-4a6b-9727-94a3a565d19b', 'Fiesta', 'Hatch da Ford', 75.50, true, 'FGH-7891', '6cf235ae-0759-4ac8-925a-476de5a4f5d0', '7ad89f8c-27b7-48c5-896b-55f1f0d6933e', 'Preto', '2021-07-21T14:44:59.127314'),
('c8d4c641-4b14-4736-8e60-bdc01d5ee8fe', 'Corolla', 'Sedan medio da Toyota', 120.50, false, 'DEF-1234', '9483ddf3-3bc2-4ac4-abba-4aa5b59625fb', '345f40dd-f528-4f6a-83c4-2d47b304f557', 'Branco', '2023-10-19T15:35:26.138071'),
('87465c2a-7f4d-44c1-81eb-7081e9d08956', 'X5', 'SUV da BMW', 300.00, true, 'XYZ-9999', '51208e86-1f63-4e18-ae59-941fd5e342cf', 'ec354ccd-0e04-46c8-927e-7dc7e98b50c8', 'Branco', '2024-01-01T09:09:09.000000'),
('06f84056-44f1-40d8-9333-2ed460884b25', 'Mustang', 'Esportivo da Ford', 200.00, false, 'GHJ-5678', '6cf235ae-0759-4ac8-925a-476de5a4f5d0', '62a6ddee-9308-4bbc-a819-5064597383a3', 'Vermelho', '2024-03-11T16:01:12.268101'),
('deca7d3e-64b4-4cee-af7b-132c9449f2fb', 'Gol', 'Carro compacto da Volkswagen', 80.00, false, 'IJK-9012', '651d807b-b34f-4818-856d-00bb3ff09d71', '3b0872df-d47a-48f4-964e-b6a099964ee7', 'Prata', '2018-01-12T15:33:24.615971'),
('2f4edc37-0bd6-4804-8b5a-d9c8433c3ae5', 'Versa', 'Sedan da Nissan', 89.90, true, 'OPR-6574', 'ab42bf2a-0739-4bc5-b901-4890af4a3ec9', 'f6a94e19-71df-487d-9867-b65b8e68447b', 'Vermelho', '2022-12-25T13:12:45.987654'),
('17fb9ae3-b6df-4b58-b8f6-20a8e7e37c0d', 'MT-07', 'Moto naked da Yamaha', 70.00, true, 'ASD-7654', '2b7607ef-c314-4e75-992f-41fbd1a30a27', '01d1a22f-e6e4-42b3-9e4c-e4be5b537ab2', 'Azul', '2024-06-14T17:17:17.171717'),
('4f2e3bc7-8522-4543-922c-03480d044e62', '488', 'Esportivo da Ferrari', 1500.00, false, 'LMN-3456', '4f2dd5bb-ae60-41ca-9227-0fb3dacebcbe', '146c8a0a-828c-4d4c-bbc3-fdc70bcf38f9', 'Vermelho', '2024-03-06T11:23:11.256777'),
('7a8b5e88-5719-41c5-9274-e6e92ecb12bf', 'Logan', 'Sedan da Renault', 95.50, true, 'RFT-2398', 'b306bf4e-ab6d-4c85-8838-dafcc78e1802', 'b2c943b2-022f-49fd-8f17-b9e918f0d9db', 'Verde', '2024-02-14T08:08:08.123456'),
('4dafc4f4-5e90-478d-a386-841d74aa368a', 'Civic', 'Sedan medio da Honda', 110.00, false, 'OPQ-7890', '3f831dbb-de3b-4b1a-95dc-602cdeaa7012', 'dc915ab8-aa4f-4dbd-bd09-94f8c12ff52d', 'Prata', '2022-11-23T17:33:57.237971'),
('df2a0e36-0c8d-49bc-bd7f-2a7f54de8c9d', 'Civic Type R', 'Esportivo da Honda', 320.00, true, 'UYT-3345', '3f831dbb-de3b-4b1a-95dc-602cdeaa7012', '72cfa4f3-f67b-487e-9c7e-6f82b8b12e8a', 'Branco', '2023-09-30T12:12:12.888888'),
('8b3d6e5e-124f-4952-8728-b3a61fcbf4cb', 'Portofino', 'Conversível da Ferrari', 2000.00, true, 'QAZ-6543', '4f2dd5bb-ae60-41ca-9227-0fb3dacebcbe', '54a7b1f1-bd18-4e63-8df5-93e90a9b4a10', 'Vermelho', '2024-10-01T16:01:33.268101');

-- -------------------------------------------------------------------------------------
--                              Inserir aluguel                                       --
-- -------------------------------------------------------------------------------------

INSERT INTO rental_entity VALUES
('f944cfcc-55b6-4c80-be50-dee4ee288fce','55491147-1d2f-455e-9958-1e35f1df5a82','f9ed81db-f90a-42d4-b7e4-d554d8f338fd','2023-03-20','2023-03-25',493.85,'2021-07-21T12:05:17.147971', '2023-10-21T12:05:17.147971'),
('01c31ec9-1184-4cda-b82f-34cce080aa17','01f90d99-85e3-42c0-b55d-1fb6a76de15a','ff68e22e-633f-4fe3-b482-590c7163b7e1','2023-03-21','2023-03-28',771.26,'2023-12-21T14:01:19.437572', '2023-10-21T12:05:17.147971'),
('1a3c1185-3639-447c-922d-e678591448ec','6cebea9d-5fd0-4ba7-80f8-3903187d3b4e','0723e7a1-ec12-4cdb-b4d5-6169dba540c6','2023-03-22','2023-03-27',346.65,'2019-11-09T21:21:39.537270', '2022-11-29T23:31:19.537270'),
('b428e639-12d2-4293-9e40-8497882f59c2','901a5875-d0ef-4098-a336-d19f1088538c','9960a044-0f78-4489-8e98-211cb294eee3','2023-03-23','2023-03-26',266.97,'2020-09-11T23:12:21.156273', '2022-11-11T21:36:11.156273'),
('76a6755e-112b-4b98-ab3a-5321bc2b369f','82bd1d96-85ac-4559-9ce6-378ef489d078','98cf1d75-69c4-4e22-aec4-622c1251d7ed','2023-03-24','2023-03-29',744.95,'2023-07-11T09:05:17.157661', '2023-11-14T09:10:33.157661'),
('acc6e1e8-843f-4a47-842e-eebb67679922','c8d4c641-4b14-4736-8e60-bdc01d5ee8fe','b7bf613b-6619-4a72-abb6-5dc6734b9ae3','2023-03-20','2023-03-25',446.97,'2022-07-09T13:01:19.138071', '2023-10-19T15:35:26.138071'),
('ee8a3e67-71ee-49b5-be56-0461f9373515','06f84056-44f1-40d8-9333-2ed460884b25','5c6d5948-2c06-487c-bd3e-9ae23ded960b','2023-03-21','2023-03-28',1000.00,'2023-11-12T17:01:33.268101', '2024-03-11T16:01:12.268101'),
('fa6feddd-c29a-4ac9-9fe3-8ad32ccc82c9','deca7d3e-64b4-4cee-af7b-132c9449f2fb','3b77df60-67df-4071-ac29-abbd451da1c5','2023-03-22','2023-03-27',400.00,'2016-01-01T11:11:29.615971', '2018-01-12T15:33:24.615971'),
('d87ffed7-692c-4da7-8dfd-5e7d240b1a96','4f2e3bc7-8522-4543-922c-03480d044e62','e5a448e3-feaf-4535-9ac0-92b1471de468','2023-03-23','2023-03-26',4500.00,'2024-03-04T21:21:39.256777', '2024-03-06T11:23:11.256777'),
('53d0f387-82d5-433e-b64d-cfe50e7cf6e4','4dafc4f4-5e90-478d-a386-841d74aa368a','a242decb-e589-4ecb-be7d-b7ff6f20ade5','2023-03-24','2023-03-29',550.00,'2018-03-12T12:11:11.237971', '2022-11-23T17:33:57.237971');

-- -------------------------------------------------------------------------------------
--                              Inserir Especificacao para carros                     --
-- -------------------------------------------------------------------------------------

INSERT INTO car_specification VALUES
('89092af1-f0c2-410a-8dc9-ba7a6320261e','55491147-1d2f-455e-9958-1e35f1df5a82', '7eef4f65-96a1-4463-8a7f-3a5df541f310'),
('a0d1f278-e906-4c93-a3c8-9c3b637fbde4', '01f90d99-85e3-42c0-b55d-1fb6a76de15a', '194b82cc-22a3-4058-a9fa-249ad5340268'),
('cd6e8f3f-5c68-4a7e-bece-fe7d9b59e2b3', '6cebea9d-5fd0-4ba7-80f8-3903187d3b4e', '3a16cf2b-30d1-4f88-a366-1038746441d4'),
('d43860ac-c116-4712-a8fb-dec8bdc34d64', '901a5875-d0ef-4098-a336-d19f1088538c', 'de88412a-d516-47fd-a723-1ec5a13d8b44'),
('0493ec2c-10de-445e-a5af-fb8368f9745e', '82bd1d96-85ac-4559-9ce6-378ef489d078', 'd20d196b-c329-4a32-a76b-cf5802affcfc'),
('edabe532-d3d5-40fd-b2b6-e6a63487bbe1', 'c8d4c641-4b14-4736-8e60-bdc01d5ee8fe', 'bcae4e4e-0e7a-41a2-bc24-560077557c0b'),
('68aec737-09f8-4dc0-91c0-722ef0b40a25', '06f84056-44f1-40d8-9333-2ed460884b25', '8f4647ee-2ef1-4500-8a28-a0d642665c81'),
('415d8f74-0654-4427-8a16-3ce01c15bb33', 'deca7d3e-64b4-4cee-af7b-132c9449f2fb', '7c01a5f0-41b3-4a15-adc5-b0b380bb90e2'),
('eb29e137-407b-42c9-be0b-fccb2f6a0c95', '4f2e3bc7-8522-4543-922c-03480d044e62', 'ddc7f420-47b1-4f7e-bc35-07765cbd811d'),
('c93d5c92-efd1-4f8e-ad22-1fd807104b81', '4dafc4f4-5e90-478d-a386-841d74aa368a', '6b83e4cd-ead6-4af0-8e1e-4c332a842717'),
('d4d3fd6f-1369-4e1e-886d-62ba42fd84ec','d7a97cc7-6fb5-4f79-bca0-fc4efb8f13f1', 'be96f0ac-8397-4ae5-a4fc-526b2d5a2e79'),
('48026e66-f24d-41d2-8dc3-59c638ca7698', '2ac1b6e5-f203-4b59-a9bc-12db47c27bf5', 'b57d19b5-b6c8-4f7b-9b24-57d50b3f109e'),
('6b44efa9-8327-4d52-95ae-5206c687146e', 'ce99c8a7-2f2e-4b7b-b10e-c36a0038a9a4', 'f0a2dba9-4892-49b0-935f-87dfdc2a7a6b'),
('19544a7b-04b3-407d-b2d8-82bcab7f05df', '128ec8bc-8b4f-4a6b-9727-94a3a565d19b', '865adccb-74ed-438a-b5c5-cab2b17a4700'),
('c8a86774-b4ac-474f-b67d-512d41a2042e', '87465c2a-7f4d-44c1-81eb-7081e9d08956', '55c8e610-bab5-459e-8c68-4e8a42b6ccbd'),
('e08b30ca-3484-4356-a7d5-ff1ef63a4abc', '2f4edc37-0bd6-4804-8b5a-d9c8433c3ae5', 'f4e9b17c-3b16-4749-9095-58b3b046d0d8'),
('d02e3ca1-5d7f-497d-98d4-20032c31b375', '17fb9ae3-b6df-4b58-b8f6-20a8e7e37c0d', 'e0a96b83-0215-4b2c-a05a-7455e3eab8b4'),
('d264760f-7d82-467e-a2a9-0d0d948f3f4d', '7a8b5e88-5719-41c5-9274-e6e92ecb12bf', 'f5a04684-c8ae-4c14-b3c8-f33752b8b9e4'),
('40ed3a7a-5479-46d7-8ed8-c1c5ce3ba4f2', 'df2a0e36-0c8d-49bc-bd7f-2a7f54de8c9d', 'b94af823-58e0-4f39-8d71-b963fdb1443e'),
('53958773-dbb6-43d3-83c2-0cc04beaba12', '8b3d6e5e-124f-4952-8728-b3a61fcbf4cb', '3bbd51c5-2302-4192-bb3f-9c92d6b75987');

-- -------------------------------------------------------------------------------------
--                              Inserir images do carros                              --
-- -------------------------------------------------------------------------------------

INSERT INTO car_image_entity VALUES
('ba091788-8edb-4a5a-bab2-2c8dade5addf','55491147-1d2f-455e-9958-1e35f1df5a82', '89504E470D0A1A0A0000000D49484452000000', '2021-07-21T12:05:17.147971'),
('8bafe033-b9d2-4051-9bf6-45476c015197', '01f90d99-85e3-42c0-b55d-1fb6a76de15a', '89504E470D0A1A0A0000000D49484452000000', '2023-12-21T14:01:19.437572'),
('3856093c-6be9-4ed2-9bcc-3de10642aeda', '6cebea9d-5fd0-4ba7-80f8-3903187d3b4e', '89504E470D0A1A0A0000000D49484452000000', '2019-11-09T21:21:39.537270'),
('fd629e5f-24ab-4e60-a32b-366dd3680cea', '901a5875-d0ef-4098-a336-d19f1088538c', '89504E470D0A1A0A0000000D49484452000000', '2020-09-11T23:12:21.156273'),
('950fd08d-bae6-4a39-89ae-6d64ccdd5678', '82bd1d96-85ac-4559-9ce6-378ef489d078', '89504E470D0A1A0A0000000D49484452000000', '2023-07-11T09:05:17.157661'),
('e9cae96e-5201-420c-a277-3dc2ad1e2deb', 'c8d4c641-4b14-4736-8e60-bdc01d5ee8fe', '89504E470D0A1A0A0000000D49484452000000', '2022-07-09T13:01:19.138071'),
('0e84d624-9012-4776-b38a-f877543e4821', '06f84056-44f1-40d8-9333-2ed460884b25', '89504E470D0A1A0A0000000D49484452000000', '2024-08-11T16:01:33.268101'),
('7818608c-4d7b-44ec-89b0-03398f0a0f8a', 'deca7d3e-64b4-4cee-af7b-132c9449f2fb', '89504E470D0A1A0A0000000D49484452000000', '2016-01-01T11:11:29.615971'),
('9a1ec594-dec5-4422-bf10-719864877aaf', '4f2e3bc7-8522-4543-922c-03480d044e62', '89504E470D0A1A0A0000000D49484452000000', '2024-03-04T21:21:39.256777'),
('97f67782-ead0-4948-b550-368a6917eac4', '4dafc4f4-5e90-478d-a386-841d74aa368a', '89504E470D0A1A0A0000000D49484452000000', '2018-03-12T12:11:11.237971'),
('91ac9e7c-b0ab-478f-a1a5-87092b3b1b59','d7a97cc7-6fb5-4f79-bca0-fc4efb8f13f1', '89504E470D0A1A0A0000000D49484452000000', '2021-07-21T12:05:17.147971'),
('e5c3271c-dc97-4a84-aa22-0af1871bf3fc', '2ac1b6e5-f203-4b59-a9bc-12db47c27bf5', '89504E470D0A1A0A0000000D49484452000000', '2023-12-21T14:01:19.437572'),
('72c300b6-881e-4b53-9815-4968996b9acf', 'ce99c8a7-2f2e-4b7b-b10e-c36a0038a9a4', '89504E470D0A1A0A0000000D49484452000000', '2019-11-09T21:21:39.537270'),
('8b77727f-790e-4b13-bfc1-07dc9e1e1fdf', '128ec8bc-8b4f-4a6b-9727-94a3a565d19b', '89504E470D0A1A0A0000000D49484452000000', '2020-09-11T23:12:21.156273'),
('4abd777a-bda0-4118-91b8-1c438dab04f2', '87465c2a-7f4d-44c1-81eb-7081e9d08956', '89504E470D0A1A0A0000000D49484452000000', '2023-07-11T09:05:17.157661'),
('f35fcca6-f10e-46e0-967b-042e92e27279', '2f4edc37-0bd6-4804-8b5a-d9c8433c3ae5', '89504E470D0A1A0A0000000D49484452000000', '2022-07-09T13:01:19.138071'),
('a9ff1ec0-19ae-4986-9adc-f2b1f3c96369', '17fb9ae3-b6df-4b58-b8f6-20a8e7e37c0d', '89504E470D0A1A0A0000000D49484452000000', '2024-08-11T16:01:33.268101'),
('073a2e9b-374f-45e2-b84f-b42acfed75f6', '7a8b5e88-5719-41c5-9274-e6e92ecb12bf', '89504E470D0A1A0A0000000D49484452000000', '2016-01-01T11:11:29.615971'),
('94ae240f-3131-4366-a364-f35070f9802f', 'df2a0e36-0c8d-49bc-bd7f-2a7f54de8c9d', '89504E470D0A1A0A0000000D49484452000000', '2024-03-04T21:21:39.256777'),
('31906af6-ba70-4c02-9232-40494ead3d8f', '8b3d6e5e-124f-4952-8728-b3a61fcbf4cb', '89504E470D0A1A0A0000000D49484452000000', '2018-03-12T12:11:11.237971');

-- -------------------------------------------------------------------------------------
--                              Inserir Usuarios                                      --
--                           Todas as senhas sao '12345'                              --
-- -------------------------------------------------------------------------------------
INSERT INTO user_entity VALUES
('9d63e233-729c-46cf-80d4-0032fe559123','feufumafriceu-5535@yopmail.com', 'cleu', '$2a$10$wuu3XKBUcU2aUjmjDmcbe.jpA6DAw.PaTK.uAb7dn8cSzg5UKJXJq', 'SUPER', '2021-07-21T12:05:17.147971', '2023-10-21T12:05:17.147971');